food_name,description,url,food_id
Usa Gulf Shrimp,Per 4 oz - Calories: 120kcal | Fat: 2.00g | Carbs: 1.00g | Protein: 23.00g,https://foods.fatsecret.com/calories-nutrition/sea-queen/usa-gulf-shrimp,1
Vanilla Muscle Sandwich,Per 1 bar - Calories: 290kcal | Fat: 17.00g | Carbs: 24.00g | Protein: 13.00g,https://foods.fatsecret.com/calories-nutrition/usa-sports/vanilla-muscle-sandwich,2
Fibergy+,Per 1 serving - Calories: 40kcal | Fat: 0.00g | Carbs: 10.00g | Protein: 0.00g,https://foods.fatsecret.com/calories-nutrition/usana-health-sciences/fibergy,3
Nutrition Bar - Peanut Butter Crunch,Per 1 bar - Calories: 160kcal | Fat: 4.50g | Carbs: 20.00g | Protein: 11.00g,https://foods.fatsecret.com/calories-nutrition/usana-health-sciences/nutrition-bar---peanut-butter-crunch,4
Nutrimeal Drink Mix - French Vanilla,Per 1 serving - Calories: 255kcal | Fat: 7.00g | Carbs: 33.00g | Protein: 16.00g,https://foods.fatsecret.com/calories-nutrition/usana-health-sciences/nutrimeal-drink-mix---french-vanilla,5
Nutrimeal Drink Mix - Dutch Chocolate,Per 1 serving - Calories: 242kcal | Fat: 7.00g | Carbs: 32.00g | Protein: 16.00g,https://foods.fatsecret.com/calories-nutrition/usana-health-sciences/nutrimeal-drink-mix---dutch-chocolate,6
Nutrimeal Drink Mix - Wild Strawberry,Per 1 serving - Calories: 255kcal | Fat: 7.00g | Carbs: 33.00g | Protein: 16.00g,https://foods.fatsecret.com/calories-nutrition/usana-health-sciences/nutrimeal-drink-mix---wild-strawberry,7
Nutrimeal Chocolate,Per 1 serving - Calories: 261kcal | Fat: 9.40g | Carbs: 18.80g | Protein: 21.00g,https://foods.fatsecret.com/calories-nutrition/usana-health-sciences/nutrimeal-chocolate,8
Mochi Kusa,Per 1 piece - Calories: 270kcal | Fat: 0.00g | Carbs: 63.00g | Protein: 4.00g,https://foods.fatsecret.com/calories-nutrition/daifuku/mochi-kusa,9
NSA BBQ Sauce,Per 1 serving - Calories: 20kcal | Fat: 0.00g | Carbs: 4.00g | Protein: 1.00g,https://foods.fatsecret.com/calories-nutrition/clean-eatz/nsa-bbq-sauce,10
NSA Cheesecake Frozen Yogurt,Per 1 serving - Calories: 30kcal | Fat: 0.00g | Carbs: 6.00g | Protein: 1.00g,https://foods.fatsecret.com/calories-nutrition/sweet-frog/nsa-cheesecake-frozen-yogurt,11
NSA Vanilla Frozen Yogurt,Per 1 oz - Calories: 35kcal | Fat: 0.00g | Carbs: 7.00g | Protein: 1.00g,https://foods.fatsecret.com/calories-nutrition/orange-leaf/nsa-vanilla-frozen-yogurt,12
USDA Choice Filet Mignon,Per 1 steak - Calories: 250kcal | Fat: 11.00g | Carbs: 0.00g | Protein: 35.00g,https://foods.fatsecret.com/calories-nutrition/schwans/usda-choice-filet-mignon,13
Use Like Fresh Mixed Fruit,Per 3/4 cup - Calories: 60kcal | Fat: 0.50g | Carbs: 15.00g | Protein: 1.00g,https://foods.fatsecret.com/calories-nutrition/vip/use-like-fresh-mixed-fruit,14
USDA Choice Sirloin - 6 oz,Per 1 serving - Calories: 250kcal | Fat: 6.00g | Carbs: 3.00g | Protein: 46.00g,https://foods.fatsecret.com/calories-nutrition/texas-roadhouse/usda-choice-sirloin-6-oz,15
USDA Choice Sirloin - 8 oz,Per 1 serving - Calories: 340kcal | Fat: 8.00g | Carbs: 5.00g | Protein: 61.00g,https://foods.fatsecret.com/calories-nutrition/texas-roadhouse/usda-choice-sirloin-8-oz,16
USDA Choice Sirloin - 11 oz,Per 1 serving - Calories: 460kcal | Fat: 11.00g | Carbs: 6.00g | Protein: 84.00g,https://foods.fatsecret.com/calories-nutrition/texas-roadhouse/usda-choice-sirloin-11-oz,17
USDA Choice Sirloin - 16 oz,Per 1 serving - Calories: 670kcal | Fat: 16.00g | Carbs: 9.00g | Protein: 122.00g,https://foods.fatsecret.com/calories-nutrition/texas-roadhouse/usda-choice-sirloin-16-oz,18
USDA Select Sirloin (6 oz),Per 1 serving - Calories: 560kcal | Fat: 25.00g | Carbs: 43.00g | Protein: 42.00g,https://foods.fatsecret.com/calories-nutrition/applebees/usda-select-sirloin-(6-oz),19
USDA Select Sirloin (8 oz),Per 1 serving - Calories: 620kcal | Fat: 27.00g | Carbs: 44.00g | Protein: 53.00g,https://foods.fatsecret.com/calories-nutrition/applebees/usda-select-sirloin-(8-oz),20
,,,21
China Coast,Per 1 serving - Calories: 1310kcal | Fat: 81.00g | Carbs: 87.00g | Protein: 60.00g,https://foods.fatsecret.com/calories-nutrition/islands-restaurants/china-coast,22
China Slim Tea,Per 1 brewed cup - Calories: 0kcal | Fat: 0.00g | Carbs: 1.00g | Protein: 0.00g,https://foods.fatsecret.com/calories-nutrition/tea-pot-brand/china-slim-tea,23
Salsa China Soy Sauce,Per 1 tbsp - Calories: 10kcal | Fat: 0.00g | Carbs: 1.00g | Protein: 1.00g,https://foods.fatsecret.com/calories-nutrition/ranchero/salsa-china-soy-sauce,24
Chia Seeds,Per 100g - Calories: 490kcal | Fat: 30.75g | Carbs: 43.85g | Protein: 15.62g,https://foods.fatsecret.com/calories-nutrition/generic/chia-seeds,25
Chia Pudding,Per 434g - Calories: 458kcal | Fat: 18.94g | Carbs: 54.42g | Protein: 19.98g,https://foods.fatsecret.com/calories-nutrition/generic/chia-pudding,26
Rice Noodles,Per 1/2 cup - Calories: 130kcal | Fat: 5.00g | Carbs: 16.00g | Protein: 3.00g,https://foods.fatsecret.com/calories-nutrition/china-boy/rice-noodles,27
Soya Sauce,Per 1 tbsp - Calories: 10kcal | Fat: 0.00g | Carbs: 2.00g | Protein: 1.00g,https://foods.fatsecret.com/calories-nutrition/china-lily/soya-sauce,28
Dried Large Lima Beans,Per 1/4 cup dry - Calories: 70kcal | Fat: 0.00g | Carbs: 22.00g | Protein: 7.00g,https://foods.fatsecret.com/calories-nutrition/china-doll/dried-large-lima-beans,29
Chow Mein Noodles,Per 1/2 cup - Calories: 130kcal | Fat: 5.00g | Carbs: 16.00g | Protein: 3.00g,https://foods.fatsecret.com/calories-nutrition/china-boy/chow-mein-noodles,30
Enriched Lo Mein Noodles,Per 2 oz - Calories: 200kcal | Fat: 0.00g | Carbs: 47.00g | Protein: 4.00g,https://foods.fatsecret.com/calories-nutrition/china-boy/enriched-lo-mein-noodles,31
Marinated Bean Curd,Per 3 oz - Calories: 140kcal | Fat: 9.00g | Carbs: 1.00g | Protein: 14.00g,https://foods.fatsecret.com/calories-nutrition/china-tofu/marinated-bean-curd,32
Cellophane Noodles,Per 1/3 cup - Calories: 70kcal | Fat: 0.00g | Carbs: 17.00g | Protein: 0.00g,https://foods.fatsecret.com/calories-nutrition/china-bowl-select/cellophane-noodles,33
Chinese Noodles,Per 1/2 cup - Calories: 150kcal | Fat: 1.00g | Carbs: 34.00g | Protein: 5.00g,https://foods.fatsecret.com/calories-nutrition/china-bowl-select/chinese-noodles,34
Dried Chia Seeds,Per 100g - Calories: 490kcal | Fat: 30.75g | Carbs: 43.85g | Protein: 15.62g,https://foods.fatsecret.com/calories-nutrition/usda/dried-chia-seeds,35
Chin Chin,Per 18 pieces - Calories: 110kcal | Fat: 5.00g | Carbs: 14.00g | Protein: 2.00g,https://foods.fatsecret.com/calories-nutrition/gonyek/chin-chin,36
Chia Squeeze,Per 1 pouch - Calories: 70kcal | Fat: 3.00g | Carbs: 12.00g | Protein: 2.00g,https://foods.fatsecret.com/calories-nutrition/mamma-chia/chia-squeeze,37
Black Chia,Per 1/2 oz - Calories: 77kcal | Fat: 5.00g | Carbs: 7.00g | Protein: 3.00g,https://foods.fatsecret.com/calories-nutrition/the-chia-co/black-chia,38
Organic Chia Seeds,Per 1 tbsp - Calories: 60kcal | Fat: 4.00g | Carbs: 4.00g | Protein: 3.00g,https://foods.fatsecret.com/calories-nutrition/mamma-chia/organic-chia-seeds,39
Chana Masala,Per 1 package - Calories: 490kcal | Fat: 16.00g | Carbs: 79.00g | Protein: 13.00g,https://foods.fatsecret.com/calories-nutrition/central-market/chana-masala,40
Chana Masala,Per 1 container - Calories: 270kcal | Fat: 4.50g | Carbs: 51.00g | Protein: 9.00g,https://foods.fatsecret.com/calories-nutrition/pataks/chana-masala,41
India Relish,Per 1 tbsp - Calories: 20kcal | Fat: 0.00g | Carbs: 5.00g | Protein: 0.00g,https://foods.fatsecret.com/calories-nutrition/heinz/india-relish,42
Malta India (355ml),Per 1 bottle - Calories: 183kcal | Fat: 0.00g | Carbs: 44.00g | Protein: 1.40g,https://foods.fatsecret.com/calories-nutrition/malta-india/malta-india-(355ml),43
Malta India (207ml),Per 1 bottle - Calories: 110kcal | Fat: 0.00g | Carbs: 26.00g | Protein: 0.00g,https://foods.fatsecret.com/calories-nutrition/malta-india/malta-india-(207ml),44
India Pale Ale,Per 1 serving - Calories: 150kcal | Fat: 0.00g | Carbs: 11.00g | Protein: 0.00g,https://foods.fatsecret.com/calories-nutrition/perkins-restaurant/india-pale-ale,45
India Pale Ale,Per 1 bottle - Calories: 210kcal | Fat: 0.00g | Carbs: 40.00g | Protein: 1.00g,https://foods.fatsecret.com/calories-nutrition/odell/india-pale-ale,46
India Pale Ale,Per 1 bottle - Calories: 145kcal | Fat: 0.00g | Carbs: 11.00g | Protein: 0.00g,https://foods.fatsecret.com/calories-nutrition/alexander-keiths/india-pale-ale,47
India Pale Ale,Per 1 bottle - Calories: 195kcal | Fat: 0.00g | Carbs: 17.00g | Protein: 0.00g,https://foods.fatsecret.com/calories-nutrition/kirkland-signature/india-pale-ale,48
Basmati Rice from India,Per 1/4 cup - Calories: 160kcal | Fat: 0.00g | Carbs: 36.00g | Protein: 4.00g,https://foods.fatsecret.com/calories-nutrition/trader-joes/basmati-rice-from-india,49
India Spice Chai Tea,Per 1 tea bag - Calories: 0kcal | Fat: 0.00g | Carbs: 0.00g | Protein: 0.00g,https://foods.fatsecret.com/calories-nutrition/celestial-seasonings/india-spice-chai-tea,50
India Pale Ale (IPA),Per 1 bottle - Calories: 200kcal | Fat: 0.00g | Carbs: 15.00g | Protein: 0.00g,https://foods.fatsecret.com/calories-nutrition/sweetwater/india-pale-ale-(ipa),51
Indian Flatbread Naan,Per 532g - Calories: 1656kcal | Fat: 61.70g | Carbs: 227.43g | Protein: 45.20g,https://foods.fatsecret.com/calories-nutrition/generic/naan-indian-flatbread,52
Travels of India Butter Chicken,Per 1 package - Calories: 490kcal | Fat: 18.00g | Carbs: 61.00g | Protein: 21.00g,https://foods.fatsecret.com/calories-nutrition/wegmans/travels-of-india-butter-chicken,53
"Indian Pudding (Milk, Molasses and Cornmeal-Based Pudding)",Per 1924g - Calories: 2539kcal | Fat: 69.06g | Carbs: 399.96g | Protein: 82.34g,https://foods.fatsecret.com/calories-nutrition/generic/pudding-indian-(milk-molasses-and-cornmeal-based-pudding),54
Indian Squash (Navajo),Per 100g - Calories: 26kcal | Fat: 0.20g | Carbs: 5.64g | Protein: 0.52g,https://foods.fatsecret.com/calories-nutrition/usda/indian-squash-(navajo),55
"Indian Squash (Cooked, Boiled) (Navajo)",Per 100g - Calories: 16kcal | Fat: 0.15g | Carbs: 3.22g | Protein: 0.31g,https://foods.fatsecret.com/calories-nutrition/usda/indian-squash-(cooked-boiled)-(navajo),56
Indian Bread Made with Lard (Navajo),Per 100g - Calories: 330kcal | Fat: 12.22g | Carbs: 48.26g | Protein: 6.69g,https://foods.fatsecret.com/calories-nutrition/usda/indian-bread-made-with-lard-(navajo),57
Ladoo Round Ball (Asian-Indian Dessert),Per 669g - Calories: 2611kcal | Fat: 158.24g | Carbs: 274.71g | Protein: 37.69g,https://foods.fatsecret.com/calories-nutrition/generic/ladoo-round-ball-asian-indian-dessert,58
Malta,Per 1 Bottle - Calories: 107kcal | Fat: 0.00g | Carbs: 26.00g | Protein: 0.60g,https://foods.fatsecret.com/calories-nutrition/india/malta,59
Rice Flour Pudding with Nuts (Indian Dessert),Per 3904g - Calories: 5543kcal | Fat: 121.02g | Carbs: 979.45g | Protein: 138.19g,https://foods.fatsecret.com/calories-nutrition/generic/pudding-rice-flour-with-nuts-(indian-dessert),60
Basmati Rice,Per 1/4 cup dry - Calories: 160kcal | Fat: 0.00g | Carbs: 35.00g | Protein: 4.00g,https://foods.fatsecret.com/calories-nutrition/india-gate/basmati-rice,61
"M. Chapoutier Belleruche Rose // Cotes Du Rhone, France",Per 1 serving - Calories: 140kcal | Fat: 0.00g | Carbs: 3.00g | Protein: 0.00g,https://foods.fatsecret.com/calories-nutrition/california-pizza-kitchen/m-chapoutier-belleruche-rose-cotes-du-rhone-france,62
"M. Chapoutier Belleruche Rose // Cotes Du Rhone, France - Bottle",Per 1 serving - Calories: 590kcal | Fat: 0.00g | Carbs: 11.00g | Protein: 1.00g,https://foods.fatsecret.com/calories-nutrition/california-pizza-kitchen/m-chapoutier-belleruche-rose-cotes-du-rhone-france-bottle,63
Cabernet Franc Wine,Per 100g - Calories: 85kcal | Fat: 0.00g | Carbs: 2.45g | Protein: 0.07g,https://foods.fatsecret.com/calories-nutrition/usda/cabernet-franc-wine,64
Traditional Marinara Sauce,Per 1/2 cup - Calories: 60kcal | Fat: 1.00g | Carbs: 11.00g | Protein: 2.00g,https://foods.fatsecret.com/calories-nutrition/francesco-rinaldi/traditional-marinara-sauce,65
Super Mushroom Pasta Sauce,Per 1/2 cup - Calories: 100kcal | Fat: 4.50g | Carbs: 15.00g | Protein: 2.00g,https://foods.fatsecret.com/calories-nutrition/francesco-rinaldi/super-mushroom-pasta-sauce,66
"Tomato, Garlic & Onion Chunky Garden Pasta Sauce",Per 1/2 cup - Calories: 70kcal | Fat: 2.00g | Carbs: 13.00g | Protein: 2.00g,https://foods.fatsecret.com/calories-nutrition/francesco-rinaldi/tomato-garlic-and-onion-chunky-garden-pasta-sauce,67
No Salt Added Traditional Pasta Sauce,Per 1/2 cup - Calories: 60kcal | Fat: 1.00g | Carbs: 10.00g | Protein: 2.00g,https://foods.fatsecret.com/calories-nutrition/francesco-rinaldi/no-salt-added-traditional-pasta-sauce,68
Eggplant & Parmesan Sauce,Per 1/2 cup - Calories: 90kcal | Fat: 4.50g | Carbs: 12.00g | Protein: 2.00g,https://foods.fatsecret.com/calories-nutrition/francesco-rinaldi/eggplant-and-parmesan-sauce,69
Meat Flavored Traditional Pasta Sauce,Per 1/2 cup - Calories: 70kcal | Fat: 2.00g | Carbs: 12.00g | Protein: 2.00g,https://foods.fatsecret.com/calories-nutrition/francesco-rinaldi/meat-flavored-traditional-pasta-sauce,70
Pizza Sauce,Per 1/4 cup - Calories: 20kcal | Fat: 0.00g | Carbs: 4.00g | Protein: 1.00g,https://foods.fatsecret.com/calories-nutrition/francesco-rinaldi/pizza-sauce,71
"Tomato, Garlic & Onion Pasta Sauce",Per 1/2 cup - Calories: 60kcal | Fat: 1.00g | Carbs: 12.00g | Protein: 2.00g,https://foods.fatsecret.com/calories-nutrition/francesco-rinaldi/tomato-garlic-onion-pasta-sauce,72
Four Cheese Alfredo,Per 1/4 cup - Calories: 60kcal | Fat: 8.00g | Carbs: 2.00g | Protein: 2.00g,https://foods.fatsecret.com/calories-nutrition/francesco-rinaldi/four-cheese-alfredo,73
Garden Combo Chunky Garden Style Sauce,Per 1/2 cup - Calories: 50kcal | Fat: 2.50g | Carbs: 11.00g | Protein: 2.00g,https://foods.fatsecret.com/calories-nutrition/francesco-rinaldi/garden-combo-chunky-garden-style-sauce,74
Alfredo Sauce,Per 1/4 cup - Calories: 60kcal | Fat: 4.50g | Carbs: 3.00g | Protein: 1.00g,https://foods.fatsecret.com/calories-nutrition/francesco-rinaldi/alfredo-sauce,75
Sweet & Tasty Tomato Pasta Sauce,Per 1/2 cup - Calories: 80kcal | Fat: 1.00g | Carbs: 16.00g | Protein: 2.00g,https://foods.fatsecret.com/calories-nutrition/francesco-rinaldi/sweet-and-tasty-tomato-pasta-sauce,76
To Be Healthy Spicy Marinara Pasta Sauce,Per 1/2 cup - Calories: 60kcal | Fat: 2.00g | Carbs: 9.00g | Protein: 2.00g,https://foods.fatsecret.com/calories-nutrition/francesco-rinaldi/to-be-healthy-spicy-marinara-pasta-sauce,77
Original Traditional Pasta Sauce,Per 1/2 cup - Calories: 80kcal | Fat: 3.00g | Carbs: 14.00g | Protein: 2.00g,https://foods.fatsecret.com/calories-nutrition/francesco-rinaldi/original-traditional-pasta-sauce,78
Vodka Sauce,Per 1/4 cup - Calories: 50kcal | Fat: 2.50g | Carbs: 6.00g | Protein: 2.00g,https://foods.fatsecret.com/calories-nutrition/francesco-rinaldi/vodka-sauce,79
Original Recipe Pasta Sauce,Per 1/2 cup - Calories: 60kcal | Fat: 1.00g | Carbs: 11.00g | Protein: 2.00g,https://foods.fatsecret.com/calories-nutrition/francesco-rinaldi/original-recipe-pasta-sauce,80
Roasted Garlic Alfredo Sauce,Per 1/4 cup - Calories: 90kcal | Fat: 8.00g | Carbs: 3.00g | Protein: 2.00g,https://foods.fatsecret.com/calories-nutrition/francesco-rinaldi/roasted-garlic-alfredo-sauce,81
Japanese Tea Cookie,Per 100g - Calories: 384kcal | Fat: 0.34g | Carbs: 92.87g | Protein: 3.62g,https://foods.fatsecret.com/calories-nutrition/generic/cookie-tea-japanese,82
Japanese Pear,Per 100g - Calories: 42kcal | Fat: 0.23g | Carbs: 10.65g | Protein: 0.50g,https://foods.fatsecret.com/calories-nutrition/generic/pear-japanese-raw,83
Japanese Pickles Tsukemono,Per 100g - Calories: 29kcal | Fat: 0.20g | Carbs: 5.44g | Protein: 1.35g,https://foods.fatsecret.com/calories-nutrition/generic/tsukemono-japanese-pickles,84
Japanese Style Pickled Cabbage,Per 100g - Calories: 30kcal | Fat: 0.10g | Carbs: 5.67g | Protein: 1.60g,https://foods.fatsecret.com/calories-nutrition/generic/cabbage-fresh-pickled-japanese-style,85
Japanese Persimmons,Per 100g - Calories: 70kcal | Fat: 0.19g | Carbs: 18.59g | Protein: 0.58g,https://foods.fatsecret.com/calories-nutrition/usda/japanese-persimmons,86
Japanese Chestnuts,Per 100g - Calories: 154kcal | Fat: 0.53g | Carbs: 34.91g | Protein: 2.25g,https://foods.fatsecret.com/calories-nutrition/usda/japanese-chestnuts,87
Japanese Chestnuts (Boiled and Steamed),Per 100g - Calories: 56kcal | Fat: 0.19g | Carbs: 12.64g | Protein: 0.82g,https://foods.fatsecret.com/calories-nutrition/usda/japanese-chestnuts-(boiled-and-steamed),88
Japanese Style Cabbage (Pickled),Per 100g - Calories: 30kcal | Fat: 0.10g | Carbs: 5.67g | Protein: 1.60g,https://foods.fatsecret.com/calories-nutrition/usda/japanese-style-cabbage-(pickled),89
Tomoshiraga Somen Noodles,Per 2 oz uncooked - Calories: 190kcal | Fat: 1.00g | Carbs: 41.00g | Protein: 5.00g,https://foods.fatsecret.com/calories-nutrition/japanfood/tomoshiraga-somen-noodles,90
Tomoshiraga Somen Oriental Style Noodles,Per 1 serving - Calories: 190kcal | Fat: 1.00g | Carbs: 41.00g | Protein: 5.00g,https://foods.fatsecret.com/calories-nutrition/japanfood/tomoshiraga-somen-oriental-style-noodles,91
Dry Roasted Crunchy Peanuts,Per 1 pack - Calories: 200kcal | Fat: 10.00g | Carbs: 20.00g | Protein: 8.00g,https://foods.fatsecret.com/calories-nutrition/japon/dry-roasted-crunchy-peanuts,92
Chicken and Beef Teriyaki,Per 1 serving - Calories: 590kcal | Fat: 14.00g | Carbs: 80.00g | Protein: 32.00g,https://foods.fatsecret.com/calories-nutrition/edo-japan/chicken-and-beef-teriyaki,93
Chicken Yakisoba,Per 1 serving  - Calories: 510kcal | Fat: 14.00g | Carbs: 62.00g | Protein: 37.00g,https://foods.fatsecret.com/calories-nutrition/edo-japan/chicken-yakisoba,94
Teriyaki Chicken,Per 1 order - Calories: 580kcal | Fat: 12.00g | Carbs: 80.00g | Protein: 33.00g,https://foods.fatsecret.com/calories-nutrition/edo-japan/teriyaki-chicken,95
Chicken Teriyaki Combo Meal (No Rice),Per 1 meal - Calories: 480kcal | Fat: 10.60g | Carbs: 39.80g | Protein: 53.60g,https://foods.fatsecret.com/calories-nutrition/sarku-japan/chicken-teriyaki-combo-meal-(no-rice),96
Teriyaki Sauce,Per 1 scoop - Calories: 45kcal | Fat: 0.00g | Carbs: 11.00g | Protein: 1.00g,https://foods.fatsecret.com/calories-nutrition/edo-japan/teriyaki-sauce,97
Chicken Teriyaki Combo Meal,Per 1 serving - Calories: 721kcal | Fat: 11.00g | Carbs: 93.00g | Protein: 56.00g,https://foods.fatsecret.com/calories-nutrition/sarku-japan/chicken-teriyaki-combo-meal,98
Sukiyaki Beef,Per 1 serving - Calories: 580kcal | Fat: 15.00g | Carbs: 80.00g | Protein: 32.00g,https://foods.fatsecret.com/calories-nutrition/edo-japan/sukiyaki-beef,99
Chicken Teriyaki with Steamed Rice,Per 1 meal - Calories: 640kcal | Fat: 24.00g | Carbs: 79.00g | Protein: 28.00g,https://foods.fatsecret.com/calories-nutrition/sarku-japan/chicken-teriyaki-with-steamed-rice,100
Vegetable Spring Roll,Per 1 order - Calories: 190kcal | Fat: 9.00g | Carbs: 15.00g | Protein: 3.00g,https://foods.fatsecret.com/calories-nutrition/sarku-japan/vegetable-spring-roll,101
Australian Lamb Fat,Per 100g - Calories: 648kcal | Fat: 68.87g | Carbs: 0.00g | Protein: 6.27g,https://foods.fatsecret.com/calories-nutrition/usda/australian-lamb-fat,102
"Australian Lamb (Trimmed to 1/8"" Fat)",Per 100g - Calories: 229kcal | Fat: 16.97g | Carbs: 0.00g | Protein: 17.84g,https://foods.fatsecret.com/calories-nutrition/usda/australian-lamb-(trimmed-to-1-8-fat),103
"Australian Lamb Foreshank (Trimmed to 1/8"" Fat)",Per 100g - Calories: 195kcal | Fat: 12.68g | Carbs: 0.00g | Protein: 18.85g,https://foods.fatsecret.com/calories-nutrition/usda/australian-lamb-foreshank-(trimmed-to-1-8-fat),104
"Australian Lamb Ribs (Trimmed to 1/8"" Fat)",Per 100g - Calories: 289kcal | Fat: 24.20g | Carbs: 0.00g | Protein: 16.46g,https://foods.fatsecret.com/calories-nutrition/usda/australian-lamb-ribs-(trimmed-to-1-8-fat),105
"Australian Lamb Loin (Trimmed to 1/8"" Fat)",Per 100g - Calories: 203kcal | Fat: 13.38g | Carbs: 0.00g | Protein: 19.32g,https://foods.fatsecret.com/calories-nutrition/usda/australian-lamb-loin-(trimmed-to-1-8-fat),106
"Australian Lamb Shoulder Arm (Trimmed to 1/8"" Fat)",Per 100g - Calories: 243kcal | Fat: 18.89g | Carbs: 0.00g | Protein: 17.06g,https://foods.fatsecret.com/calories-nutrition/usda/australian-lamb-shoulder-arm-(trimmed-to-1-8-fat),107
"Australian Lamb (Lean Only, Trimmed to 1/8"" Fat)",Per 100g - Calories: 142kcal | Fat: 6.18g | Carbs: 0.00g | Protein: 20.25g,https://foods.fatsecret.com/calories-nutrition/usda/australian-lamb-(lean-only-trimmed-to-1-8-fat),108
"Australian Lamb Shoulder Blade (Trimmed to 1/8"" Fat)",Per 100g - Calories: 262kcal | Fat: 21.28g | Carbs: 0.00g | Protein: 16.48g,https://foods.fatsecret.com/calories-nutrition/usda/australian-lamb-shoulder-blade-(trimmed-to-1-8-fat),109
"Australian Lamb Leg (Shank Half, Trimmed to 1/8"" Fat)",Per 100g - Calories: 201kcal | Fat: 13.48g | Carbs: 0.00g | Protein: 18.59g,https://foods.fatsecret.com/calories-nutrition/usda/australian-lamb-leg-(shank-half-trimmed-to-1-8-fat),110
"Australian Lamb Loin (Lean Only, Trimmed to 1/8"" Fat)",Per 100g - Calories: 146kcal | Fat: 6.24g | Carbs: 0.00g | Protein: 21.00g,https://foods.fatsecret.com/calories-nutrition/usda/australian-lamb-loin-(lean-only-trimmed-to-1-8-fat),111
"Australian Lamb Ribs (Lean Only, Trimmed to 1/8"" Fat)",Per 100g - Calories: 160kcal | Fat: 8.20g | Carbs: 0.00g | Protein: 20.12g,https://foods.fatsecret.com/calories-nutrition/usda/australian-lamb-ribs-(lean-only-trimmed-to-1-8-fat),112
"Australian Lamb Foreshank (Lean Only, Trimmed to 1/8"" Fat)",Per 100g - Calories: 123kcal | Fat: 3.81g | Carbs: 0.00g | Protein: 20.83g,https://foods.fatsecret.com/calories-nutrition/usda/australian-lamb-foreshank-(lean-only-trimmed-to-1-8-fat),113
"Australian Lamb Leg (Sirloin Half, Boneless, Trimmed to 1/8"" Fat)",Per 100g - Calories: 254kcal | Fat: 20.00g | Carbs: 0.00g | Protein: 17.25g,https://foods.fatsecret.com/calories-nutrition/usda/australian-lamb-leg-(sirloin-half-boneless-trimmed-to-1-8-fat),114
"Australian Lamb Shoulder Arm and Blade (Trimmed to 1/8"" Fat)",Per 100g - Calories: 256kcal | Fat: 20.47g | Carbs: 0.00g | Protein: 16.68g,https://foods.fatsecret.com/calories-nutrition/usda/australian-lamb-shoulder-arm-and-blade-(trimmed-to-1-8-fat),115
"Australian Lamb Shoulder Blade (Lean Only, Trimmed to 1/8"" Fat)",Per 100g - Calories: 164kcal | Fat: 9.09g | Carbs: 0.00g | Protein: 19.10g,https://foods.fatsecret.com/calories-nutrition/usda/australian-lamb-shoulder-blade-(lean-only-trimmed-to-1-8-fat),116
"Australian Lamb Leg (Sirloin Chops, Boneless, Trimmed to 1/8"" Fat)",Per 100g - Calories: 208kcal | Fat: 14.38g | Carbs: 0.00g | Protein: 18.33g,https://foods.fatsecret.com/calories-nutrition/usda/australian-lamb-leg-(sirloin-chops-boneless-trimmed-to-1-8-fat),117
"Australian Lamb Shoulder Arm (Lean Only, Trimmed to 1/8"" Fat)",Per 100g - Calories: 137kcal | Fat: 5.81g | Carbs: 0.00g | Protein: 19.88g,https://foods.fatsecret.com/calories-nutrition/usda/australian-lamb-shoulder-arm-(lean-only-trimmed-to-1-8-fat),118
"Australian Lamb Leg (Whole (Shank and Sirloin), Trimmed to 1/8"" Fat)",Per 100g - Calories: 215kcal | Fat: 15.19g | Carbs: 0.00g | Protein: 18.24g,https://foods.fatsecret.com/calories-nutrition/usda/australian-lamb-leg-(whole-(shank-and-sirloin)-trimmed-to-1-8-fat),119
"Australian Lamb Leg (Shank Half, Lean Only, Trimmed to 1/8"" Fat)",Per 100g - Calories: 133kcal | Fat: 5.10g | Carbs: 0.00g | Protein: 20.45g,https://foods.fatsecret.com/calories-nutrition/usda/australian-lamb-leg-(shank-half-lean-only-trimmed-to-1-8-fat),120
"Australian Lamb Leg (Center Slice, Bone-In, Trimmed to 1/8"" Fat)",Per 100g - Calories: 195kcal | Fat: 12.56g | Carbs: 0.00g | Protein: 19.17g,https://foods.fatsecret.com/calories-nutrition/usda/australian-lamb-leg-(center-slice-bone-in-trimmed-to-1-8-fat),121
Raw Brazil Nuts,Per 3 nuts - Calories: 90kcal | Fat: 9.00g | Carbs: 2.00g | Protein: 2.00g,https://foods.fatsecret.com/calories-nutrition/terrasoul/raw-brazil-nuts,122
Raw Brazil Nuts,Per 1/4 cup (12 nuts) - Calories: 200kcal | Fat: 20.00g | Carbs: 4.00g | Protein: 4.00g,https://foods.fatsecret.com/calories-nutrition/trader-joes/raw-brazil-nuts,123
Brazil Nuts,Per 6 nuts - Calories: 190kcal | Fat: 19.00g | Carbs: 3.00g | Protein: 4.00g,https://foods.fatsecret.com/calories-nutrition/meijer/brazil-nuts,124
Brazil Nuts,Per 1/4 cup - Calories: 200kcal | Fat: 20.00g | Carbs: 4.00g | Protein: 4.00g,https://foods.fatsecret.com/calories-nutrition/nature-to-go/brazil-nuts,125
Organic Brazil Nuts,Per 5 nuts - Calories: 130kcal | Fat: 13.00g | Carbs: 2.00g | Protein: 3.00g,https://foods.fatsecret.com/calories-nutrition/now-real-food/organic-brazil-nuts,126
Brazil Nuts,Per 100g - Calories: 656kcal | Fat: 66.43g | Carbs: 12.27g | Protein: 14.32g,https://foods.fatsecret.com/calories-nutrition/generic/brazil-nuts,127
Shelled Brazil Nuts,Per 1/4 cup - Calories: 200kcal | Fat: 20.00g | Carbs: 4.00g | Protein: 4.00g,https://foods.fatsecret.com/calories-nutrition/diamond-of-california/shelled-brazil-nuts,128
Raw Organic Brazil Nuts,Per 6 kernels - Calories: 185kcal | Fat: 19.00g | Carbs: 3.00g | Protein: 4.00g,https://foods.fatsecret.com/calories-nutrition/food-to-live/raw-organic-brazil-nuts,129
Brazil Nuts,Per 1 oz  - Calories: 185kcal | Fat: 19.00g | Carbs: 3.00g | Protein: 4.00g,https://foods.fatsecret.com/calories-nutrition/orchard-fresh/brazil-nuts,130
Brazil Nuts,Per 1 oz - Calories: 205kcal | Fat: 21.00g | Carbs: 4.00g | Protein: 4.00g,https://foods.fatsecret.com/calories-nutrition/valued-naturals/brazil-nuts,131
Brazil Nuts,Per 8 nuts - Calories: 220kcal | Fat: 21.00g | Carbs: 3.00g | Protein: 4.00g,https://foods.fatsecret.com/calories-nutrition/woodstock-farms/brazil-nuts,132
Dark Chocolate Brazil Nuts,Per 5 pieces - Calories: 219kcal | Fat: 20.00g | Carbs: 14.00g | Protein: 6.00g,https://foods.fatsecret.com/calories-nutrition/next-organics/dark-chocolate-brazil-nuts,133
Brazil Nuts,Per 6 pieces - Calories: 200kcal | Fat: 19.00g | Carbs: 3.00g | Protein: 4.00g,https://foods.fatsecret.com/calories-nutrition/natures-garden/brazil-nuts,134
Raw Brazil Nuts,Per 1/4 cup - Calories: 200kcal | Fat: 20.00g | Carbs: 4.00g | Protein: 4.00g,https://foods.fatsecret.com/calories-nutrition/basse/raw-brazil-nuts,135
Raw Organic Brazil Nuts,Per 1/2 oz - Calories: 105kcal | Fat: 10.00g | Carbs: 2.00g | Protein: 2.00g,https://foods.fatsecret.com/calories-nutrition/sunfood/raw-organic-brazil-nuts,136
Brazil Nuts,Per 11 pieces  - Calories: 200kcal | Fat: 20.00g | Carbs: 4.00g | Protein: 4.00g,https://foods.fatsecret.com/calories-nutrition/publix/brazil-nuts,137
Brazil Nuts,Per 1/4 cup - Calories: 200kcal | Fat: 19.00g | Carbs: 3.00g | Protein: 4.00g,https://foods.fatsecret.com/calories-nutrition/heb/brazil-nuts,138
"Ground Flaxseed, Almonds, Brazil Nuts, Walnuts & Q10",Per 4 tbsp - Calories: 190kcal | Fat: 16.00g | Carbs: 7.00g | Protein: 5.00g,https://foods.fatsecret.com/calories-nutrition/linwoods/ground-flaxseed-almonds-brazil-nuts-walnuts-and-q10,139
Brazil Nut,Per 6 pieces - Calories: 200kcal | Fat: 14.00g | Carbs: 3.00g | Protein: 4.00g,https://foods.fatsecret.com/calories-nutrition/king-henrys/brazil-nut,140
Brazil Nuts Raw Unsalted,Per 9 nuts - Calories: 190kcal | Fat: 19.00g | Carbs: 3.00g | Protein: 4.00g,https://foods.fatsecret.com/calories-nutrition/natures-eats/brazil-nuts-raw-unsalted,141
Kousa Mahshi (Egyptian Stuffed Zucchini),Per 1 zucchini with 1/4 cup sauce - Calories: 237kcal | Fat: 11.00g | Carbs: 26.00g | Protein: 12.00g,https://foods.fatsecret.com/calories-nutrition/real-appeal/kousa-mahshi-(egyptian-stuffed-zucchini),142
Egyptian Licorice Mint,Per 1 tea bag (makes 8 fl oz) - Calories: 0kcal | Fat: 0.00g | Carbs: 0.00g | Protein: 0.00g,https://foods.fatsecret.com/calories-nutrition/yogi-tea/egyptian-licorice-mint,143
Egyptian Red Lentil Soup,Per 1 container - Calories: 380kcal | Fat: 15.00g | Carbs: 47.00g | Protein: 15.00g,https://foods.fatsecret.com/calories-nutrition/the-juice-press/egyptian-red-lentil-soup,144
Peeled Fava Beans Egyptian Recipe,Per 1/2 cup - Calories: 160kcal | Fat: 5.00g | Carbs: 16.00g | Protein: 7.00g,https://foods.fatsecret.com/calories-nutrition/california-garden/peeled-fava-beans-egyptian-recipe,145
Egyptian Lentil Soup,Per 1 serving - Calories: 245kcal | Fat: 3.00g | Carbs: 41.00g | Protein: 15.00g,https://foods.fatsecret.com/calories-nutrition/real-appeal/egyptian-lentil-soup,146
Thailand Mangoes,Per 1/3 cup  - Calories: 140kcal | Fat: 0.00g | Carbs: 34.00g | Protein: 0.00g,https://foods.fatsecret.com/calories-nutrition/sunsweet/thailand-mangoes,147
Chocolate Milk,Per 1 cup - Calories: 220kcal | Fat: 8.00g | Carbs: 29.00g | Protein: 8.00g,https://foods.fatsecret.com/calories-nutrition/hiland/chocolate-milk,148
1% Lowfat Milk,Per 1 cup - Calories: 100kcal | Fat: 2.50g | Carbs: 11.00g | Protein: 8.00g,https://foods.fatsecret.com/calories-nutrition/hiland/1%25-lowfat-milk,149
French Onion Dip,Per 2 tbsp - Calories: 60kcal | Fat: 5.00g | Carbs: 2.00g | Protein: 1.00g,https://foods.fatsecret.com/calories-nutrition/hiland/french-onion-dip,150
Light Sour Cream,Per 2 tbsp - Calories: 40kcal | Fat: 2.50g | Carbs: 2.00g | Protein: 2.00g,https://foods.fatsecret.com/calories-nutrition/hiland/light-sour-cream,151
Lite Nonfat Vanilla Yogurt,Per 8 oz - Calories: 90kcal | Fat: 0.00g | Carbs: 14.00g | Protein: 8.00g,https://foods.fatsecret.com/calories-nutrition/hiland/lite-nonfat-vanilla-yogurt,152
Vitamin D Milk,Per 1 cup - Calories: 150kcal | Fat: 8.00g | Carbs: 11.00g | Protein: 8.00g,https://foods.fatsecret.com/calories-nutrition/hiland/vitamin-d-milk,153
Light Fat Free Strawberry Yogurt,Per 1 container - Calories: 70kcal | Fat: 0.00g | Carbs: 12.00g | Protein: 6.00g,https://foods.fatsecret.com/calories-nutrition/hiland/light-fat-free-strawberry-yogurt,154
Salted Butter (4 Quarters),Per 1 tbsp - Calories: 100kcal | Fat: 11.00g | Carbs: 0.00g | Protein: 0.00g,https://foods.fatsecret.com/calories-nutrition/hiland/salted-butter-(4-quarters),155
Strawberry Milk,Per 1 cup - Calories: 180kcal | Fat: 5.00g | Carbs: 26.00g | Protein: 7.00g,https://foods.fatsecret.com/calories-nutrition/hiland/strawberry-milk,156
2% Reduced Fat Milk,Per 1 cup - Calories: 120kcal | Fat: 5.00g | Carbs: 11.00g | Protein: 8.00g,https://foods.fatsecret.com/calories-nutrition/hiland/2%25-reduced-fat-milk,157
Fat Free Skim Milk,Per 1 cup - Calories: 80kcal | Fat: 0.00g | Carbs: 11.00g | Protein: 8.00g,https://foods.fatsecret.com/calories-nutrition/hiland/fat-free-skim-milk/1-cup,158
4% Small Curd Cottage Cheese,Per 1/2 cup - Calories: 100kcal | Fat: 5.00g | Carbs: 5.00g | Protein: 11.00g,https://foods.fatsecret.com/calories-nutrition/hiland/4%25-small-curd-cottage-cheese,159
Almond Milk Vanilla,Per 1 cup - Calories: 90kcal | Fat: 2.50g | Carbs: 16.00g | Protein: 1.00g,https://foods.fatsecret.com/calories-nutrition/hiland/almond-milk-vanilla,160
Lowfat Peach Yogurt,Per 1 serving - Calories: 175kcal | Fat: 2.00g | Carbs: 33.00g | Protein: 7.00g,https://foods.fatsecret.com/calories-nutrition/hiland/lowfat-peach-yogurt,161
Pepper Jack Cheese,Per 1 oz - Calories: 110kcal | Fat: 9.00g | Carbs: 1.00g | Protein: 7.00g,https://foods.fatsecret.com/calories-nutrition/hiland/pepper-jack-cheese,162
Almond Milk Unsweetened Vanilla,Per 1 cup - Calories: 30kcal | Fat: 3.00g | Carbs: 2.00g | Protein: 1.00g,https://foods.fatsecret.com/calories-nutrition/hiland/almond-milk-unsweetened-vanilla,163
Vanilla Light Ice Cream,Per 2/3 cup - Calories: 150kcal | Fat: 5.00g | Carbs: 25.00g | Protein: 3.00g,https://foods.fatsecret.com/calories-nutrition/hiland/vanilla-light-ice-cream,164
French Vanilla Coffee Creamer,Per 1 tbsp - Calories: 35kcal | Fat: 1.50g | Carbs: 5.00g | Protein: 0.00g,https://foods.fatsecret.com/calories-nutrition/hiland/french-vanilla-coffee-creamer,165
Thai Peanut Sauce,Per 1/4 cup - Calories: 140kcal | Fat: 7.00g | Carbs: 18.00g | Protein: 4.00g,https://foods.fatsecret.com/calories-nutrition/journey-to-thailand/thai-peanut-sauce,166
Pepsi Mexico - 12 oz,Per 1 serving - Calories: 220kcal | Fat: 0.00g | Carbs: 58.00g | Protein: 0.00g,https://foods.fatsecret.com/calories-nutrition/papa-johns/pepsi-mexico-12-oz,167
Mexico City Chicken Tacos,Per 1 taco - Calories: 188kcal | Fat: 3.00g | Carbs: 27.00g | Protein: 13.00g,https://foods.fatsecret.com/calories-nutrition/la-salsa/mexico-city-chicken-tacos,168
Mexico City Steak Tacos,Per 1 taco - Calories: 190kcal | Fat: 3.00g | Carbs: 27.00g | Protein: 11.00g,https://foods.fatsecret.com/calories-nutrition/la-salsa/mexico-city-steak-tacos,169
Coca-Cola De Mexico,Per 1 serving - Calories: 150kcal | Fat: 0.00g | Carbs: 39.00g | Protein: 0.00g,https://foods.fatsecret.com/calories-nutrition/el-pollo-loco/coca-cola-de-mexico,170
Roasted Green New Mexico Chile,Per 1/4 cup - Calories: 10kcal | Fat: 0.00g | Carbs: 6.00g | Protein: 1.00g,https://foods.fatsecret.com/calories-nutrition/santa-fe-ole/roasted-green-new-mexico-chile,171
New Mexico Style Chicken Chilaquiles,Per 1 cup - Calories: 220kcal | Fat: 11.00g | Carbs: 24.00g | Protein: 13.00g,https://foods.fatsecret.com/calories-nutrition/trader-joes/new-mexico-style-chicken-chilaquiles,172
New Mexico Green Chili Salsa,Per 2 tbsp - Calories: 10kcal | Fat: 0.00g | Carbs: 2.00g | Protein: 0.00g,https://foods.fatsecret.com/calories-nutrition/private-selection/new-mexico-green-chili-salsa,173
Coco-Coconut Premium Ice Cream Bars,Per 1 bar - Calories: 210kcal | Fat: 10.00g | Carbs: 20.00g | Protein: 3.00g,https://foods.fatsecret.com/calories-nutrition/helados-mexico/coco-coconut-premium-ice-cream-bars,174
Fresa-Strawberry Premium Ice Cream Bars,Per 1 bar - Calories: 150kcal | Fat: 7.00g | Carbs: 20.00g | Protein: 2.00g,https://foods.fatsecret.com/calories-nutrition/helados-mexico/fresa-strawberry-premium-ice-cream-bars,175
Nuez-Pecan Premium Ice Cream Bars,Per 1 bar - Calories: 180kcal | Fat: 11.00g | Carbs: 19.00g | Protein: 3.00g,https://foods.fatsecret.com/calories-nutrition/helados-mexico/nuez-pecan-premium-ice-cream-bars,176
Home Style Flour Tortillas,Per 1 tortilla - Calories: 170kcal | Fat: 3.00g | Carbs: 30.00g | Protein: 5.00g,https://foods.fatsecret.com/calories-nutrition/tortillas-mexico/home-style-flour-tortillas,177
Fajita Style Tortilla,Per 1 tortilla  - Calories: 110kcal | Fat: 2.00g | Carbs: 19.00g | Protein: 3.00g,https://foods.fatsecret.com/calories-nutrition/tortillas-mexico/fajita-style-tortilla,178
Chicle,Per 1 bar - Calories: 230kcal | Fat: 12.00g | Carbs: 29.00g | Protein: 4.00g,https://foods.fatsecret.com/calories-nutrition/helados-mexico/chicle,179
Premium Fruit Bars,Per 1 bar - Calories: 60kcal | Fat: 0.00g | Carbs: 16.00g | Protein: 0.00g,https://foods.fatsecret.com/calories-nutrition/helados-mexico/premium-fruit-bars,180
Burrito Sized Flour Tortillas,Per 1 tortilla - Calories: 200kcal | Fat: 4.50g | Carbs: 34.00g | Protein: 5.00g,https://foods.fatsecret.com/calories-nutrition/tortillas-mexico/burrito-sized-flour-tortillas,181
Bolis De Crema,Per 1 bar - Calories: 170kcal | Fat: 8.00g | Carbs: 31.00g | Protein: 3.00g,https://foods.fatsecret.com/calories-nutrition/helados-mexico/bolis-de-crema,182
Mangonada Con Chamoy,Per 1 bar - Calories: 90kcal | Fat: 0.00g | Carbs: 23.00g | Protein: 0.00g,https://foods.fatsecret.com/calories-nutrition/helados-mexico/mangonada-con-chamoy,183
Mango Premium Ice Cream Bars,Per 1 bar - Calories: 140kcal | Fat: 7.00g | Carbs: 19.00g | Protein: 2.00g,https://foods.fatsecret.com/calories-nutrition/helados-mexico/mango-premium-ice-cream-bars,184
Corn Tortillas,Per 2 tortillas - Calories: 100kcal | Fat: 1.00g | Carbs: 21.00g | Protein: 3.00g,https://foods.fatsecret.com/calories-nutrition/tortillas-mexico/corn-tortillas,185
Avocado,Per 1/3 medium - Calories: 80kcal | Fat: 8.00g | Carbs: 1.00g | Protein: 1.00g,https://foods.fatsecret.com/calories-nutrition/avocados-from-mexico/avocado,186
Spin Dip,Per 1 serving - Calories: 930kcal | Fat: 49.00g | Carbs: 100.00g | Protein: 31.00g,https://foods.fatsecret.com/calories-nutrition/logans-roadhouse/spin-dip,187
Pain Rustique,Per 1 slice - Calories: 140kcal | Fat: 1.50g | Carbs: 28.00g | Protein: 4.00g,https://foods.fatsecret.com/calories-nutrition/labrea-bakery/pain-rustique,188
Pain Au Chocolat,Per 1 bread - Calories: 230kcal | Fat: 13.00g | Carbs: 24.00g | Protein: 3.00g,https://foods.fatsecret.com/calories-nutrition/paris-baguette/pain-au-chocolat,189
Petit Pain Rolls,Per 1 serving - Calories: 230kcal | Fat: 1.00g | Carbs: 49.00g | Protein: 7.00g,https://foods.fatsecret.com/calories-nutrition/kneaders/petit-pain-rolls,190
Pain De Campagne,Per 1 - Calories: 130kcal | Fat: 0.50g | Carbs: 27.00g | Protein: 5.00g,https://foods.fatsecret.com/calories-nutrition/trader-joes/pain-de-campagne,191
Pain Au Lait,Per 1 roll - Calories: 399kcal | Fat: 13.00g | Carbs: 60.00g | Protein: 11.00g,https://foods.fatsecret.com/calories-nutrition/ace-bakery/pain-au-lait,192
Petit Pain Rolls,Per 1 roll - Calories: 100kcal | Fat: 0.00g | Carbs: 21.00g | Protein: 4.00g,https://foods.fatsecret.com/calories-nutrition/hannaford/petit-pain-rolls,193
Petite Pain Pauline,Per 1/5 loaf - Calories: 170kcal | Fat: 1.00g | Carbs: 36.00g | Protein: 5.00g,https://foods.fatsecret.com/calories-nutrition/trader-joes/petite-pain-pauline,194
Pain Au Lait,Per 1 roll - Calories: 130kcal | Fat: 4.50g | Carbs: 19.00g | Protein: 3.00g,https://foods.fatsecret.com/calories-nutrition/trader-joes/pain-au-lait,195
Pain Au Levain,Per 1 serving - Calories: 120kcal | Fat: 0.50g | Carbs: 25.00g | Protein: 4.00g,https://foods.fatsecret.com/calories-nutrition/acme/pain-au-levain,196
Pain du George,Per 1 slice - Calories: 120kcal | Fat: 0.50g | Carbs: 25.00g | Protein: 4.00g,https://foods.fatsecret.com/calories-nutrition/essential-baking-company/pain-du-george,197
Pain De Campagne Bread,Per 1 slice - Calories: 120kcal | Fat: 0.00g | Carbs: 24.00g | Protein: 4.00g,https://foods.fatsecret.com/calories-nutrition/whole-foods-market/pain-de-campagne-bread,198
Organic Loaf Pain Biologique,Per 1 slice - Calories: 110kcal | Fat: 2.00g | Carbs: 22.00g | Protein: 5.00g,https://foods.fatsecret.com/calories-nutrition/kirkland-signature/organic-loaf-pain-biologique,199
Le Petit Pain Grille,Per 8 pieces - Calories: 70kcal | Fat: 2.00g | Carbs: 13.00g | Protein: 2.00g,https://foods.fatsecret.com/calories-nutrition/ile-de-france/le-petit-pain-grille,200
Pain Au Lait Rolls,Per 1 roll - Calories: 110kcal | Fat: 2.50g | Carbs: 19.00g | Protein: 3.00g,https://foods.fatsecret.com/calories-nutrition/central-market/pain-au-lait-rolls,201
Round Pain De Campagne Bread,"Per 2 1/2"" slice - Calories: 140kcal | Fat: 2.00g | Carbs: 25.00g | Protein: 4.00g",https://foods.fatsecret.com/calories-nutrition/wegmans/round-pain-de-campagne-bread,202
Pain Perdu with Mixed Berries,Per 1 serving - Calories: 1152kcal | Fat: 38.00g | Carbs: 170.00g | Protein: 34.00g,https://foods.fatsecret.com/calories-nutrition/mimis-cafe/pain-perdu-with-mixed-berries,203
Pain Au Lait Chocolate Chip,Per 1 roll - Calories: 160kcal | Fat: 7.00g | Carbs: 18.00g | Protein: 3.00g,https://foods.fatsecret.com/calories-nutrition/trader-joes/pain-au-lait-chocolate-chip,204
Pain Rustique Country Style French Bread,Per 1/8 loaf - Calories: 170kcal | Fat: 2.00g | Carbs: 32.00g | Protein: 5.00g,https://foods.fatsecret.com/calories-nutrition/trader-joes/pain-rustique-country-style-french-bread,205
Pain Perdu with Mixed Berries with Protein Choice Pork Sausage,Per 1 serving - Calories: 1520kcal | Fat: 71.00g | Carbs: 171.00g | Protein: 50.00g,https://foods.fatsecret.com/calories-nutrition/mimis-cafe/pain-perdu-with-mixed-berries-with-protein-choice-pork-sausage,206
Turkey Breast Meat,Per 100g - Calories: 104kcal | Fat: 1.66g | Carbs: 4.21g | Protein: 17.07g,https://foods.fatsecret.com/calories-nutrition/usda/turkey-breast-meat,207
Oven Roasted Turkey Breast,Per 4 slices - Calories: 60kcal | Fat: 1.50g | Carbs: 2.00g | Protein: 10.00g,https://foods.fatsecret.com/calories-nutrition/hillshire-farm/oven-roasted-turkey-breast,208
Deli Turkey or Chicken Breast Meat,Per 100g - Calories: 104kcal | Fat: 1.66g | Carbs: 4.21g | Protein: 17.07g,https://foods.fatsecret.com/calories-nutrition/generic/turkey-or-chicken-breast-prepackaged-or-deli-luncheon-meat,209
Turkey Meat,Per 100g - Calories: 119kcal | Fat: 2.86g | Carbs: 0.00g | Protein: 21.77g,https://foods.fatsecret.com/calories-nutrition/usda/turkey-meat,210
Thin Sliced Turkey Breast,Per 5 slices - Calories: 50kcal | Fat: 1.00g | Carbs: 2.00g | Protein: 9.00g,https://foods.fatsecret.com/calories-nutrition/oscar-mayer/thin-sliced-turkey-breast,211
"Turkey Meat (Cooked, Roasted)",Per 100g - Calories: 170kcal | Fat: 4.97g | Carbs: 0.00g | Protein: 29.32g,https://foods.fatsecret.com/calories-nutrition/usda/turkey-meat-(cooked-roasted),212
Lean Ground Turkey,Per 4 oz - Calories: 170kcal | Fat: 8.00g | Carbs: 0.00g | Protein: 22.00g,https://foods.fatsecret.com/calories-nutrition/jennie-o/lean-ground-turkey,213
Maple Glazed Honey Coat Turkey Breast,Per 2 oz - Calories: 70kcal | Fat: 0.50g | Carbs: 2.00g | Protein: 14.00g,https://foods.fatsecret.com/calories-nutrition/boars-head/maple-glazed-honey-coat-turkey-breast,214
Turkey,Per 100g - Calories: 187kcal | Fat: 7.02g | Carbs: 0.00g | Protein: 28.90g,https://foods.fatsecret.com/calories-nutrition/generic/turkey,215
Oven Roasted White Turkey,Per 1 slice - Calories: 40kcal | Fat: 1.50g | Carbs: 2.00g | Protein: 4.00g,https://foods.fatsecret.com/calories-nutrition/butterball/oven-roasted-white-turkey,216
Turkey Breast Cutlet,Per 4 oz - Calories: 120kcal | Fat: 0.50g | Carbs: 0.00g | Protein: 28.00g,https://foods.fatsecret.com/calories-nutrition/zacky-farms/turkey-breast-cutlet,217
Deli Thin Smoked Turkey Breast,Per 2 oz - Calories: 50kcal | Fat: 1.00g | Carbs: 2.00g | Protein: 9.00g,https://foods.fatsecret.com/calories-nutrition/kroger/deli-thin-smoked-turkey-breast,218
Turkey Dark Meat,Per 100g - Calories: 125kcal | Fat: 4.38g | Carbs: 0.00g | Protein: 20.07g,https://foods.fatsecret.com/calories-nutrition/usda/turkey-dark-meat,219
Deli Thin Sliced Smoked Turkey Breast,Per 4 slices - Calories: 60kcal | Fat: 1.50g | Carbs: 3.00g | Protein: 8.00g,https://foods.fatsecret.com/calories-nutrition/healthy-ones/deli-thin-sliced-smoked-turkey-breast,220
98% Fat Free Deli Thin Oven Roasted Turkey Breast,Per 3 slices - Calories: 60kcal | Fat: 2.00g | Carbs: 1.00g | Protein: 9.00g,https://foods.fatsecret.com/calories-nutrition/oscar-mayer/98%25-fat-free-deli-thin-oven-roasted-turkey-breast,221
Ground Turkey,Per 100g - Calories: 149kcal | Fat: 8.26g | Carbs: 0.00g | Protein: 17.46g,https://foods.fatsecret.com/calories-nutrition/usda/ground-turkey,222
Smoked Turkey Breast,Per 6 slices - Calories: 90kcal | Fat: 5.00g | Carbs: 2.00g | Protein: 9.00g,https://foods.fatsecret.com/calories-nutrition/winn-dixie/smoked-turkey-breast,223
Stewed Light or Dark Turkey Meat,Per 100g - Calories: 172kcal | Fat: 6.24g | Carbs: 0.00g | Protein: 27.01g,https://foods.fatsecret.com/calories-nutrition/generic/turkey-light-or-dark-meat-stewed,224
Applewood Smoked Turkey Breast,Per 1 serving - Calories: 50kcal | Fat: 1.00g | Carbs: 2.00g | Protein: 9.00g,https://foods.fatsecret.com/calories-nutrition/jennie-o/applewood-smoked-turkey-breast,225
Turkey Dark Meat and Skin (Fryer-Roasters),Per 100g - Calories: 129kcal | Fat: 4.79g | Carbs: 0.00g | Protein: 20.06g,https://foods.fatsecret.com/calories-nutrition/usda/turkey-dark-meat-and-skin-(fryer-roasters),226
Russian Salad,Per 996g - Calories: 1217kcal | Fat: 104.10g | Carbs: 66.58g | Protein: 9.60g,https://foods.fatsecret.com/calories-nutrition/generic/russian-salad,227
Russian Protein,Per 120g - Calories: 456kcal | Fat: 4.68g | Carbs: 1.47g | Protein: 103.89g,https://foods.fatsecret.com/calories-nutrition/generic/russian-protein,228
Russian Dressing,Per 100g - Calories: 355kcal | Fat: 26.18g | Carbs: 31.01g | Protein: 1.60g,https://foods.fatsecret.com/calories-nutrition/generic/russian-dressing,229
Russian Tea,Per 1668g - Calories: 967kcal | Fat: 0.17g | Carbs: 248.18g | Protein: 0.83g,https://foods.fatsecret.com/calories-nutrition/generic/tea-russian,230
Russian Salad Dressing,Per 100g - Calories: 355kcal | Fat: 26.18g | Carbs: 31.01g | Protein: 1.60g,https://foods.fatsecret.com/calories-nutrition/usda/russian-salad-dressing,231
Russian Salad Dressing (Low Calorie),Per 100g - Calories: 141kcal | Fat: 4.00g | Carbs: 27.60g | Protein: 0.50g,https://foods.fatsecret.com/calories-nutrition/usda/russian-salad-dressing-(low-calorie),232
White Russian,Per 100g - Calories: 258kcal | Fat: 1.27g | Carbs: 16.72g | Protein: 0.33g,https://foods.fatsecret.com/calories-nutrition/generic/white-russian,233
Black Russian,Per 90g - Calories: 245kcal | Fat: 0.11g | Carbs: 16.29g | Protein: 0.04g,https://foods.fatsecret.com/calories-nutrition/generic/black-russian,234
Low Calorie Russian Dressing,Per 100g - Calories: 141kcal | Fat: 4.00g | Carbs: 27.60g | Protein: 0.50g,https://foods.fatsecret.com/calories-nutrition/generic/russian-dressing-low-calorie,235
Salmon Caviar,Per 1 tbsp - Calories: 40kcal | Fat: 1.50g | Carbs: 1.00g | Protein: 5.00g,https://foods.fatsecret.com/calories-nutrition/russian-traditional-style/salmon-caviar,236
Blind Pig IPA,Per 1 bottle - Calories: 183kcal | Fat: 0.00g | Carbs: 12.00g | Protein: 0.00g,https://foods.fatsecret.com/calories-nutrition/russian-river-brewery/blind-pig-ipa,237
Russian Dressing,Per 2 tbsp - Calories: 70kcal | Fat: 2.50g | Carbs: 12.00g | Protein: 0.00g,https://foods.fatsecret.com/calories-nutrition/kroger/russian-dressing,238
Russian Dressing,Per 2 tbsp - Calories: 140kcal | Fat: 14.00g | Carbs: 5.00g | Protein: 0.00g,https://foods.fatsecret.com/calories-nutrition/kens-steak-house/russian-dressing,239
Russian Dressing,Per 1 tbsp - Calories: 60kcal | Fat: 4.00g | Carbs: 5.00g | Protein: 0.10g,https://foods.fatsecret.com/calories-nutrition/kraft/russian-dressing,240
White Russian,Per 1 bottle - Calories: 179kcal | Fat: 12.00g | Carbs: 58.00g | Protein: 2.00g,https://foods.fatsecret.com/calories-nutrition/kahlua/white-russian,241
Russian Cheese,Per 1 slice - Calories: 80kcal | Fat: 7.00g | Carbs: 0.00g | Protein: 6.00g,https://foods.fatsecret.com/calories-nutrition/svalya/russian-cheese,242
Russian White,Per 3 slices - Calories: 140kcal | Fat: 1.00g | Carbs: 29.00g | Protein: 4.00g,https://foods.fatsecret.com/calories-nutrition/cinderella/russian-white,243
Russian Dressing,Per 2 tbsp - Calories: 0kcal | Fat: 0.00g | Carbs: 0.00g | Protein: 0.00g,https://foods.fatsecret.com/calories-nutrition/walden-farms/russian-dressing,244
Russian Kefir,Per 1 cup - Calories: 100kcal | Fat: 0.00g | Carbs: 15.00g | Protein: 14.00g,https://foods.fatsecret.com/calories-nutrition/latta/russian-kefir,245
White Russian,Per 1 can - Calories: 540kcal | Fat: 14.00g | Carbs: 38.00g | Protein: 3.00g,https://foods.fatsecret.com/calories-nutrition/cutwater/white-russian,246
South African Bobotie,Per 1 serving - Calories: 592kcal | Fat: 24.00g | Carbs: 41.00g | Protein: 53.00g,https://foods.fatsecret.com/calories-nutrition/the-everyday-high-protein-handbook/south-african-bobotie,247
Potato Chips with South African Style Seasoning,Per 17 chips - Calories: 150kcal | Fat: 9.00g | Carbs: 17.00g | Protein: 2.00g,https://foods.fatsecret.com/calories-nutrition/trader-joes/potato-chips-with-south-african-style-seasoning,248
Olivia's Old South,Per 1 scoop - Calories: 380kcal | Fat: 31.00g | Carbs: 6.00g | Protein: 14.00g,https://foods.fatsecret.com/calories-nutrition/chicken-salad-chick/olivias-old-south,249
South Beach Pancakes,Per 4 pancakes - Calories: 475kcal | Fat: 6.00g | Carbs: 48.00g | Protein: 54.00g,https://foods.fatsecret.com/calories-nutrition/protein-house/south-beach-pancakes,250
"Surprise South Beach Mashed ""Potatoes""",Per 1 cup - Calories: 81kcal | Fat: 6.00g | Carbs: 5.00g | Protein: 2.00g,https://foods.fatsecret.com/calories-nutrition/south-beach-diet/surprise-south-beach-mashed-potatoes,251
South Western Omelet Mix,Per 1 packet - Calories: 90kcal | Fat: 1.00g | Carbs: 5.00g | Protein: 15.00g,https://foods.fatsecret.com/calories-nutrition/wellness-choice/south-western-omelet-mix,252
South Indian Coconut Stew,Per 1 container - Calories: 560kcal | Fat: 25.00g | Carbs: 65.00g | Protein: 21.00g,https://foods.fatsecret.com/calories-nutrition/veestro/south-indian-coconut-stew,253
Due South BBQ Beef,Per 1 tray - Calories: 620kcal | Fat: 34.00g | Carbs: 42.00g | Protein: 34.00g,https://foods.fatsecret.com/calories-nutrition/freshly/due-south-bbq-beef,254
South of The Border Chicken,Per 1 package - Calories: 420kcal | Fat: 10.00g | Carbs: 41.00g | Protein: 43.00g,https://foods.fatsecret.com/calories-nutrition/megafit-meals/south-of-the-border-chicken,255
New South Wales Sangria - Individual,Per 1 serving - Calories: 250kcal | Fat: 0.00g | Carbs: 41.00g | Protein: 0.00g,https://foods.fatsecret.com/calories-nutrition/outback-steakhouse/new-south-wales-sangria-individual,256
Pulled Pork Sandwich - South Carolina,Per 1 serving - Calories: 840kcal | Fat: 38.00g | Carbs: 59.00g | Protein: 66.00g,https://foods.fatsecret.com/calories-nutrition/texas-roadhouse/pulled-pork-sandwich-south-carolina,257
Pulled Pork Dinner - South Carolina,Per 1 serving - Calories: 850kcal | Fat: 38.00g | Carbs: 51.00g | Protein: 77.00g,https://foods.fatsecret.com/calories-nutrition/texas-roadhouse/pulled-pork-dinner-south-carolina,258
Grilled South West Shrimp Salad,Per 1 serving - Calories: 320kcal | Fat: 11.00g | Carbs: 28.00g | Protein: 29.00g,https://foods.fatsecret.com/calories-nutrition/betty-crocker/grilled-south-west-shrimp-salad,259
Fresh Brewed Sweet Tea (South) - Large,Per 1 serving - Calories: 380kcal | Fat: 0.00g | Carbs: 100.00g | Protein: 0.00g,https://foods.fatsecret.com/calories-nutrition/culvers/fresh-brewed-sweet-tea-(south)-large,260
Fresh Brewed Sweet Tea (South) - Medium,Per 1 serving - Calories: 260kcal | Fat: 0.00g | Carbs: 69.00g | Protein: 0.00g,https://foods.fatsecret.com/calories-nutrition/culvers/fresh-brewed-sweet-tea-(south)-medium,261
Fresh Brewed Sweet Tea (South) - Small,Per 1 serving - Calories: 190kcal | Fat: 0.00g | Carbs: 50.00g | Protein: 0.00g,https://foods.fatsecret.com/calories-nutrition/culvers/fresh-brewed-sweet-tea-(south)-small,262
Fire Roasted Mexican Green Salsa,Per 2 tbsp - Calories: 10kcal | Fat: 0.00g | Carbs: 2.00g | Protein: 0.00g,https://foods.fatsecret.com/calories-nutrition/arriba/fire-roasted-mexican-green-salsa,263
Fire Roasted Mexican Chipotle Salsa,Per 2 tbsp - Calories: 10kcal | Fat: 0.00g | Carbs: 2.00g | Protein: 0.00g,https://foods.fatsecret.com/calories-nutrition/arriba/fire-roasted-mexican-chipotle-salsa,264
Roasted Mexican Red Salsa,Per 2 tbsp - Calories: 10kcal | Fat: 0.00g | Carbs: 2.00g | Protein: 0.00g,https://foods.fatsecret.com/calories-nutrition/arriba/roasted-mexican-red-salsa,265
Fire Roasted Mexican Red Salsa,Per 2 tbsp - Calories: 10kcal | Fat: 0.00g | Carbs: 2.00g | Protein: 0.00g,https://foods.fatsecret.com/calories-nutrition/arriba/fire-roasted-mexican-red-salsa,266
Diet Canada Dry,Per 1 can - Calories: 5kcal | Fat: 0.00g | Carbs: 0.00g | Protein: 0.00g,https://foods.fatsecret.com/calories-nutrition/canada-dry/diet-canada-dry,267
Wintergreen Canada Mints,Per 2 pieces - Calories: 25kcal | Fat: 0.00g | Carbs: 6.00g | Protein: 0.00g,https://foods.fatsecret.com/calories-nutrition/necco/wintergreen-canada-mints,268
Canada Dry - 2 liter,Per 1 serving - Calories: 680kcal | Fat: 0.00g | Carbs: 186.00g | Protein: 0.00g,https://foods.fatsecret.com/calories-nutrition/papa-johns/canada-dry-2-liter,269
Canada Dry Ginger Ale,Per 1 serving - Calories: 110kcal | Fat: 0.00g | Carbs: 30.00g | Protein: 0.00g,https://foods.fatsecret.com/calories-nutrition/cheesecake-factory/canada-dry-ginger-ale,270
Canada Dry - 20 oz,Per 1 serving - Calories: 200kcal | Fat: 0.00g | Carbs: 55.00g | Protein: 0.00g,https://foods.fatsecret.com/calories-nutrition/papa-johns/canada-dry-20-oz,271
Canada Dry Ginger Ale Medium,Per 1 serving - Calories: 150kcal | Fat: 0.00g | Carbs: 37.00g | Protein: 0.00g,https://foods.fatsecret.com/calories-nutrition/sonic/canada-dry-ginger-ale-medium,272
Canada Dry Ginger Ale Large,Per 1 serving - Calories: 230kcal | Fat: 0.00g | Carbs: 56.00g | Protein: 0.00g,https://foods.fatsecret.com/calories-nutrition/sonic/canada-dry-ginger-ale-large,273
Canada Dry Ginger Ale Small,Per 1 serving - Calories: 100kcal | Fat: 0.00g | Carbs: 26.00g | Protein: 0.00g,https://foods.fatsecret.com/calories-nutrition/sonic/canada-dry-ginger-ale-small,274
Canada Dry Ginger Ale Wacky Pack!,Per 1 serving - Calories: 70kcal | Fat: 0.00g | Carbs: 16.00g | Protein: 0.00g,https://foods.fatsecret.com/calories-nutrition/sonic/canada-dry-ginger-ale-wacky-pack,275
Canada Dry Ginger Ale RT 44,Per 1 serving - Calories: 310kcal | Fat: 0.00g | Carbs: 76.00g | Protein: 0.00g,https://foods.fatsecret.com/calories-nutrition/sonic/canada-dry-ginger-ale-rt-44,276
Canada Dry Ginger Ale - 30 fl oz,Per 1 serving - Calories: 340kcal | Fat: 0.00g | Carbs: 90.00g | Protein: 0.00g,https://foods.fatsecret.com/calories-nutrition/panera-bread/canada-dry-ginger-ale-30-fl-oz,277
Canada Dry Ginger Ale - 20 fl oz,Per 1 serving - Calories: 230kcal | Fat: 0.00g | Carbs: 60.00g | Protein: 0.00g,https://foods.fatsecret.com/calories-nutrition/panera-bread/canada-dry-ginger-ale-20-fl-oz,278
Canada Dry Ginger Ale - Drive Thru - 20 fl oz,Per 1 serving - Calories: 140kcal | Fat: 0.00g | Carbs: 38.00g | Protein: 0.00g,https://foods.fatsecret.com/calories-nutrition/panera-bread/canada-dry-ginger-ale-drive-thru-20-fl-oz,279
Canada Dry Ginger Ale - Drive Thru - 30 fl oz,Per 1 serving - Calories: 210kcal | Fat: 0.00g | Carbs: 57.00g | Protein: 0.00g,https://foods.fatsecret.com/calories-nutrition/panera-bread/canada-dry-ginger-ale-drive-thru-30-fl-oz,280
Sparkling Seltzer Water,Per 8 fl oz - Calories: 0kcal | Fat: 0.00g | Carbs: 0.00g | Protein: 0.00g,https://foods.fatsecret.com/calories-nutrition/canada-dry/sparkling-seltzer-water/8-fl-oz,281
Ginger Ale,Per 8 fl oz - Calories: 90kcal | Fat: 0.00g | Carbs: 25.00g | Protein: 0.00g,https://foods.fatsecret.com/calories-nutrition/canada-dry/ginger-ale/8-fl-oz,282
Tonic Water,Per 8 fl oz - Calories: 90kcal | Fat: 0.00g | Carbs: 24.00g | Protein: 0.00g,https://foods.fatsecret.com/calories-nutrition/canada-dry/tonic-water,283
Club Soda,Per 1 serving - Calories: 0kcal | Fat: 0.00g | Carbs: 0.00g | Protein: 0.00g,https://foods.fatsecret.com/calories-nutrition/canada-dry/club-soda,284
Ginger Ale (20 oz),Per 1 bottle - Calories: 210kcal | Fat: 0.00g | Carbs: 56.00g | Protein: 0.00g,https://foods.fatsecret.com/calories-nutrition/canada-dry/ginger-ale-(20-oz)/1-bottle,285
Black Cherry Wishniak,Per 1 serving - Calories: 120kcal | Fat: 0.00g | Carbs: 32.00g | Protein: 0.00g,https://foods.fatsecret.com/calories-nutrition/canada-dry/black-cherry-wishniak,286
Korean Kimchi BBQ Pork Rinds,Per 1/2 oz - Calories: 70kcal | Fat: 4.50g | Carbs: 1.00g | Protein: 8.00g,https://foods.fatsecret.com/calories-nutrition/southern-recipe/korean-kimchi-bbq-pork-rinds,287
Korean Dressing or Marinade,Per 2596g - Calories: 883kcal | Fat: 12.46g | Carbs: 187.17g | Protein: 28.56g,https://foods.fatsecret.com/calories-nutrition/generic/korean-dressing-or-marinade,288
Korean Style Fish Moochim Dried Fish with Soy Sauce,Per 74g - Calories: 252kcal | Fat: 11.59g | Carbs: 8.30g | Protein: 27.81g,https://foods.fatsecret.com/calories-nutrition/generic/fish-moochim-(korean-style)-dried-fish-with-soy-sauce,289
Korean Fresh Noodle (Udon),Per 1 bundle - Calories: 200kcal | Fat: 2.00g | Carbs: 36.00g | Protein: 12.00g,https://foods.fatsecret.com/calories-nutrition/wang-korea/korean-fresh-noodle-(udon),290
German Style Potato Salad,Per 686g - Calories: 604kcal | Fat: 8.51g | Carbs: 114.28g | Protein: 17.29g,https://foods.fatsecret.com/calories-nutrition/generic/potato-salad-german-style,291
German Chocolate Cake with Icing and Filling,Per 1490g - Calories: 5512kcal | Fat: 276.22g | Carbs: 736.42g | Protein: 52.14g,https://foods.fatsecret.com/calories-nutrition/generic/cake-german-chocolate-with-icing-and-filling,292
"German Chocolate Cake (Dry Mix, Pudding Type)",Per 100g - Calories: 401kcal | Fat: 9.50g | Carbs: 80.10g | Protein: 4.00g,https://foods.fatsecret.com/calories-nutrition/usda/german-chocolate-cake-(dry-mix-pudding-type),293
German Salami,Per 4 slices - Calories: 120kcal | Fat: 10.00g | Carbs: 0.00g | Protein: 8.00g,https://foods.fatsecret.com/calories-nutrition/pillers/german-salami,294
German Pretzel,Per 1 german pretzel - Calories: 940kcal | Fat: 10.00g | Carbs: 190.00g | Protein: 20.00g,https://foods.fatsecret.com/calories-nutrition/world-of-beer/german-pretzel,295
German Bratwurst,Per 1 link - Calories: 150kcal | Fat: 10.00g | Carbs: 3.00g | Protein: 12.00g,https://foods.fatsecret.com/calories-nutrition/charcutnuvo/german-bratwurst,296
German Crepes,Per 1 serving - Calories: 710kcal | Fat: 32.00g | Carbs: 88.00g | Protein: 18.00g,https://foods.fatsecret.com/calories-nutrition/ihop/german-crepes,297
German Bologna,Per 2 oz - Calories: 130kcal | Fat: 11.00g | Carbs: 2.00g | Protein: 7.00g,https://foods.fatsecret.com/calories-nutrition/deutschmacher/german-bologna,298
German Sausage,Per 1 link - Calories: 200kcal | Fat: 16.00g | Carbs: 1.00g | Protein: 12.00g,https://foods.fatsecret.com/calories-nutrition/boulder-sausage/german-sausage,299
German Creatine,Per 1 scoop - Calories: 0kcal | Fat: 0.00g | Carbs: 0.00g | Protein: 0.00g,https://foods.fatsecret.com/calories-nutrition/fitness-labs/german-creatine,300
German Franks,Per 1 link - Calories: 218kcal | Fat: 18.00g | Carbs: 4.00g | Protein: 11.00g,https://foods.fatsecret.com/calories-nutrition/purefoods/german-franks,301
German Pancakes,Per 1 - Calories: 340kcal | Fat: 11.00g | Carbs: 34.00g | Protein: 27.00g,https://foods.fatsecret.com/calories-nutrition/clean-simple-eats/german-pancakes,302
German Bologna,Per 2 oz - Calories: 140kcal | Fat: 12.00g | Carbs: 1.00g | Protein: 7.00g,https://foods.fatsecret.com/calories-nutrition/dietz-watson/german-bologna,303
Hot German Mustard,Per 1 tsp - Calories: 5kcal | Fat: 0.50g | Carbs: 0.00g | Protein: 0.00g,https://foods.fatsecret.com/calories-nutrition/hengstenberg/hot-german-mustard,304
German Brand Franks,Per 1 frank - Calories: 190kcal | Fat: 17.00g | Carbs: 1.00g | Protein: 8.00g,https://foods.fatsecret.com/calories-nutrition/hofmann-sausage/german-brand-franks,305
German Potato Salad,Per 1/2 cup - Calories: 120kcal | Fat: 3.00g | Carbs: 22.00g | Protein: 2.00g,https://foods.fatsecret.com/calories-nutrition/read/german-potato-salad,306
German Chocolate Biscotti,Per 1/2 biscotti - Calories: 140kcal | Fat: 7.00g | Carbs: 17.00g | Protein: 2.00g,https://foods.fatsecret.com/calories-nutrition/be-bop-biscotti/german-chocolate-biscotti,307
German Rye Bread,Per 2 slices - Calories: 150kcal | Fat: 2.00g | Carbs: 30.00g | Protein: 4.00g,https://foods.fatsecret.com/calories-nutrition/todays-temptations/german-rye-bread,308
German Potato Salad,Per 1/2 cup - Calories: 120kcal | Fat: 3.00g | Carbs: 22.00g | Protein: 2.00g,https://foods.fatsecret.com/calories-nutrition/happy-harvest/german-potato-salad,309
German Farm Bread,Per 1 slice - Calories: 109kcal | Fat: 0.00g | Carbs: 22.00g | Protein: 4.00g,https://foods.fatsecret.com/calories-nutrition/beckmanns/german-farm-bread,310
